{
  "Profiles" : [
    {
      "Ansi 0 Color" : {
        "Green Component" : 0.21199999999999999,
        "Red Component" : 0.027,
        "Blue Component" : 0.25900000000000001
      },
      "Ansi 12 Color" : {
        "Green Component" : 0.57999999999999996,
        "Red Component" : 0.51400000000000001,
        "Blue Component" : 0.58799999999999997
      },
      "Ansi 7 Color" : {
        "Green Component" : 0.91000000000000003,
        "Red Component" : 0.93300000000000005,
        "Blue Component" : 0.83499999999999996
      },
      "Custom Directory" : "Advanced",
      "AWDS Window Option" : "Yes",
      "AWDS Window Directory" : "__HOME_DIR__/Developer",
      "AWDS Tab Option" : "Recycle",
      "AWDS Tab Directory" : "",
      "AWDS Pane Option" : "Recycle",
      "AWDS Pane Directory" : "",
      "Normal Font" : "MesloLGS-NF-Regular 13",
      "Bold Color" : {
        "Green Component" : 0.63100000000000001,
        "Red Component" : 0.57599999999999996,
        "Blue Component" : 0.63100000000000001
      },
      "Draw Powerline Glyphs" : true,
      "Ansi 6 Color" : {
        "Green Component" : 0.63100000000000001,
        "Red Component" : 0.16500000000000001,
        "Blue Component" : 0.59599999999999997
      },
      "Rows" : 35,
      "Keyboard Map" : {
        "0x7f-0x100000" : { "Action" : 11, "Text" : "0x15" },
        "0x7f-0x80000"  : { "Action" : 11, "Text" : "0x1b 0x7f" },
        "0xf702-0x280000" : { "Action" : 10, "Text" : "b" },
        "0xf702-0x300000" : { "Action" : 11, "Text" : "0x1" },
        "0xf703-0x280000" : { "Action" : 10, "Text" : "f" },
        "0xf703-0x300000" : { "Action" : 11, "Text" : "0x5" },
        "0xf728-0x0"      : { "Action" : 11, "Text" : "0x4" },
        "0xf728-0x80000"  : { "Action" : 10, "Text" : "d" }
      },
      "Non-ASCII Anti Aliased" : true,
      "Ansi 10 Color" : {
        "Green Component" : 0.43099999999999999,
        "Red Component" : 0.34499999999999997,
        "Blue Component" : 0.45900000000000002
      },
      "Ansi 15 Color" : {
        "Green Component" : 0.96499999999999997,
        "Red Component" : 0.99199999999999999,
        "Blue Component" : 0.89000000000000001
      },
      "Foreground Color" : {
        "Green Component" : 0.57999999999999996,
        "Red Component" : 0.51400000000000001,
        "Blue Component" : 0.58799999999999997
      },
      "Blinking Cursor" : true,
      "Rewritable" : true,
      "Mouse Reporting" : true,
      "Selection Color" : {
        "Green Component" : 0.21199999999999999,
        "Red Component" : 0.027,
        "Blue Component" : 0.25900000000000001
      },
      "Columns" : 120,
      "Ansi 13 Color" : {
        "Green Component" : 0.443,
        "Red Component" : 0.42399999999999999,
        "Blue Component" : 0.76900000000000002
      },
      "Title Components" : 2,
      "ASCII Anti Aliased" : true,
      "Non Ascii Font" : "MesloLGS-NF-Regular 13",
      "Vertical Spacing" : 1.1000000000000001,
      "Use Bold Font" : true,
      "Option Key Sends" : 2,
      "Selected Text Color" : {
        "Green Component" : 0.63100000000000001,
        "Red Component" : 0.57599999999999996,
        "Blue Component" : 0.63100000000000001
      },
      "Background Color" : {
        "Green Component" : 0.16900000000000001,
        "Red Component" : 0,
        "Blue Component" : 0.21199999999999999
      },
      "Ansi 11 Color" : {
        "Green Component" : 0.48199999999999998,
        "Red Component" : 0.39600000000000002,
        "Blue Component" : 0.51400000000000001
      },
      "Use Italic Font" : true,
      "Unlimited Scrollback" : true,
      "Dynamic Profile Parent Name" : "Default",
      "Blur Radius" : 10,
      "Cursor Type" : 1,
      "Blur" : true,
      "Scrollback Lines" : 10000,
      "Badge Text" : "",
      "Unicode Version" : 9,
      "Ansi 14 Color" : {
        "Green Component" : 0.63100000000000001,
        "Red Component" : 0.57599999999999996,
        "Blue Component" : 0.63100000000000001
      },
      "Name" : "Dotfiles Profile",
      "Cursor Text Color" : {
        "Green Component" : 0.16900000000000001,
        "Red Component" : 0,
        "Blue Component" : 0.21199999999999999
      },
      "Cursor Color" : {
        "Green Component" : 0.57999999999999996,
        "Red Component" : 0.51400000000000001,
        "Blue Component" : 0.58799999999999997
      },
      "Transparency" : 0,
      "Guid" : "dotfiles-profile",
      "Horizontal Spacing" : 1,
      "Ansi 3 Color" : {
        "Green Component" : 0.53700000000000003,
        "Red Component" : 0.70999999999999996,
        "Blue Component" : 0
      },
      "Ansi 4 Color" : {
        "Green Component" : 0.54500000000000004,
        "Red Component" : 0.14899999999999999,
        "Blue Component" : 0.82399999999999995
      },
      "Ansi 5 Color" : {
        "Green Component" : 0.21199999999999999,
        "Red Component" : 0.82699999999999996,
        "Blue Component" : 0.51000000000000001
      },
      "Use Non-ASCII Font" : false,
      "Right Option Key Sends" : 2,
      "Ansi 2 Color" : {
        "Green Component" : 0.59999999999999998,
        "Red Component" : 0.52200000000000002,
        "Blue Component" : 0
      },
      "Ansi 9 Color" : {
        "Green Component" : 0.29399999999999998,
        "Red Component" : 0.79600000000000004,
        "Blue Component" : 0.085999999999999993
      },
      "Ansi 1 Color" : {
        "Green Component" : 0.19600000000000001,
        "Red Component" : 0.86299999999999999,
        "Blue Component" : 0.184
      },
      "Ansi 8 Color" : {
        "Green Component" : 0.16900000000000001,
        "Red Component" : 0,
        "Blue Component" : 0.21199999999999999
      }
    }
  ]
}